,DateTime,Judul,link,News
0,"Jumat, 26 Maret 2021 / 09:16 WIB",Harga emas Antam turun Rp 3.000 menjadi Rp 921.000 per gram pada hari ini (26/3),https://investasi.kontan.co.id/news/harga-emas-antam-turun-rp-3000-menjadi-rp-921000-per-gram-pada-hari-ini-263,"KONTAN.CO.ID - JAKARTA. Harga emas batangan bersertifikat Antam keluaran Logam Mulia PT Aneka Tambang Tbk (ANTM) turun pada Jumat (26/3). Mengutip situs Logam Mulia, harga pecahan satu gram emas Antam berada di Rp 921.000. Harga emas Antam ini turun Rp 3.000 dari harga Kamis (24/3) yang berada di level Rp 924.000 per gram. Sementara harga buyback emas Antam berada di level Rp 803.000 per gram. Harga tersebut juga turun Rp 2.000 dibandingkan harga buyback pada Kamis (24/3) yang ada di Rp 805.000 per gram. Berikut harga emas batangan Antam dalam pecahan lainnya per Jumat (26/3) dan belum termasuk pajak:  Keterangan: Logam Mulia Antam menjual emas dan perak batangan dalam beberapa ukuran berat (misalnya 1 gram, 2 gram, dan 500 gram). Biasanya harga per gram emas Antam akan berbeda tergantung berat batangnya. Perbedaan ini terjadi karena ada biaya tambahan untuk pencetakan, sehingga harga per gram emas Antam batang kecil lebih mahal dari batang yang lebih besar. Harga yang ada di sini adalah harga per gram emas batang 1 kilogram yang biasa dijadikan patokan pelaku bisnis emas                  "
1,"Kamis, 25 Maret 2021 / 18:11 WIB","Laba meroket tahun lalu, berikut rekomendasi saham Aneka Tambang (ANTM)",https://investasi.kontan.co.id/news/laba-meroket-tahun-lalu-berikut-rekomendasi-saham-aneka-tambang-antm,"KONTAN.CO.ID - JAKARTA. PT Aneka Tambang Tbk (ANTM) mencatatkan kinerja yang apik pada tahun lalu. Emiten pelat merah ini membukukan laba bersih senilai Rp 1,15 triliun, naik hingga 492,87% dibanding tahun 2019 yang hanya Rp 193,85 miliar. Walau mencatatkan kenaikan signifikan pada laba bersih, rupanya pendapatan ANTM justru turun. ANTM membukukan pendapatan sebesar Rp 27,37 triliun pada 2020, turun 16,34% secara year on year. Analis Ciptadana Sekuritas Thomas Radityo dalam risetnya pada 17 Maret 2021 mengatakan, kenaikan laba bersih ANTM didorong pengelolaan biaya yang sangat baik seperti Cost of Goods Sold (COGS) atau Harga Pokok Penjualan (HPP) dan biaya operasi yang turun masing-masing 19% dan 30% yoy. Sementara, margin ANTM juga melebar di hampir semua segmen. Ia bilang, jumlah tersebut sudah sesuai dengan proyeksi Ciptadana Sekuritas karena telah mencapai 101,4% dari perkiraan. “Sementara pendapatan turun lebih disebabkan oleh penjualan ANTM yang tercatat juga mengalami penurunan. Misalnya, penjualan volume emas yang turun 35,9% menjadi 701.000 ons troi dan penjualan nickel ore yang turun 56% menjadi 3,3 juta wmt. Walau demikian, ini masih di atas proyeksi kami, tepatnya 105,7% dari perkiraan,” tulis Thomas dalam risetnya. Sementara analis NH Korindo Sekuritas Indonesia Maryoki Pajri Alhusnah menilai, kinerja ANTM pada tahun 2020 ini sudah berada di atas ekspektasi yang dipasang, baik itu untuk laba bersih maupun pendapatan. NH Korindo Sekuritas sendiri berekspektasi pendapatan ANTM sebesar Rp 23 triliun dengan  perkiraan laba bersih mencapai Rp 875 miliar di 2020. Maryoki menilai, laba bersih ANTM yang cenderung naik di saat pendapatan yang menurun  adalah akibat turunnya beban-beban ANTM, seperti beban pokok pendapatan dan beban-beban lainnya. Namun, salah satu beban yang cukup menghambat kinerja ANTM adalah biaya pembelian logam mulia. Pada tahun lalu jumlahnya masih cukup tinggi, yakni mencapai Rp 17,44 triliun atau setara 76% dari total beban pokok penjualan. Meski demikian, biaya pembelian logam mulia ini menurun 16,41% dari tahun 2019 yang mencapai Rp 20,86 triliun. Maryoki mengatakan, pembelian logam mulia ini tentu akan membebani keuangan ANTM. Terlebih, margin yang dihasilkan di segmen emas dinilai masih cukup tipis. Di sisi lain, jika ANTM memutuskan untuk mengakuisisi tambang untuk memperoleh cadangan emas sendiri, hal tersebut juga bukan solusi yang tepat. “Karena akuisisi sendiri membutuhkan biaya yang besar dan risiko yang besar juga, di mana ANTM harus menjalankan operasional tambang itu sendiri. Jauh lebih efisien bagi ANTM untuk memperbanyak jumlah maupun kapasitas smelter,” terang Maryoki kepada Kontan.co.id, Kamis (25/3). Untuk tahun ini, ANTM sendiri mematok target yang relatif flat untuk volume dan produksi ferronickel yang sebesar 26.000 tni. Sementara pada segmen emas, ANTM justru menurunkan target produksi dan volume penjualan masing-masing menjadi 653.000 per ons troi dan 48.000 ons troi. Dengan menyesuaikan hal tersebut, Thomas pun menurunkan proyeksi pendapatan dan laba bersih ANTM pada tahun ini. Ia memangkas proyeksi pendapatan ANTM dari Rp 30,07 triliun menjadi Rp 27,68 triliun. Sementara untuk laba bersih dipangkas dari Rp 2,8 triliun menjadi Rp 2,13 triliun. Walau demikian, Thomas memberikan rekomendasi buy saham ANTM dengan target harga Rp 3.150 per saham. Sementara Maryoki memberi rekomendasi jual ANTM dengan target harga Rp 1.480 karena harga saham ANTM ini dianggap sudah terlalu mahal. Harga saham ANTM pada perdagangan Kamis (25/3) ditutup menguat 0,46% ke Rp 2.180 per saham.                   "
2,"Kamis, 25 Maret 2021 / 09:18 WIB",Harga emas Antam naik Rp 3.000 menjadi Rp 924.000 per gram pada hari ini (25/3),https://investasi.kontan.co.id/news/harga-emas-antam-naik-rp-3000-menjadi-rp-924000-per-gram-pada-hari-ini-253,"KONTAN.CO.ID - JAKARTA. Harga emas batangan bersertifikat Antam keluaran Logam Mulia PT Aneka Tambang Tbk (ANTM) naik pada Kamis (25/3). Mengutip situs Logam Mulia, harga pecahan satu gram emas Antam berada di Rp 924.000. Harga emas Antam ini naik Rp 3.000 dari harga Rabu (24/3) yang juga berada di level Rp 921.000 per gram. Sementara harga buyback emas Antam berada di level Rp 805.000 per gram. Harga tersebut juga naik Rp 5.000 dibandingkan harga buyback pada Rabu (24/3) yang ada di Rp 800.000 per gram. Berikut harga emas batangan Antam dalam pecahan lainnya per Kamis (25/3) dan belum termasuk pajak:  Keterangan: Logam Mulia Antam menjual emas dan perak batangan dalam beberapa ukuran berat (misalnya 1 gram, 2 gram, dan 500 gram). Biasanya harga per gram emas Antam akan berbeda tergantung berat batangnya. Perbedaan ini terjadi karena ada biaya tambahan untuk pencetakan, sehingga harga per gram emas Antam batang kecil lebih mahal dari batang yang lebih besar. Harga yang ada di sini adalah harga per gram emas batang 1 kilogram yang biasa dijadikan patokan pelaku bisnis emas      Menakar potensi untung dari dividen bank BUMN             "
3,"Kamis, 25 Maret 2021 / 09:18 WIB",Harga emas Antam naik Rp 3.000 menjadi Rp 924.000 per gram pada hari ini (25/3),https://investasi.kontan.co.id/news/harga-emas-antam-naik-rp-3000-menjadi-rp-924000-per-gram-pada-hari-ini-253,"Turun Rp 8 Ribu, Harga Emas Antam Jadi Rp 921 Ribu per Gram
Jakarta - Harga emas batangan PT Aneka Tambang Tbk (ANTM) atau emas Antam pada perdagangan Rabu, 24 Maret 2021, turun Rp 8 ribu dibandingkan dengan kemarin.""Harga emas batangan satu gram Rp 921.000,"" seperti ditulis dalam situs resmi Logam Mulia pada Rabu.Berdasarkan situs Logam Mulia, harga emas ba..."
4,"Wednesday, March 24, 2021       09:14 WIB","Harga Emas Antam Semakin Jatuh, Per Gram Dihargai Rp921.000",https://www.indopremier.com/ipotnews/newsDetail.php?jdl=Harga_Emas_Antam_Semakin_Jatuh__Per_Gram_Dihargai_Rp921_000&news_id=131499&group_news=IPOTNEWS&taging_subtype=KOMODITAS&name=&search=y_general&q=emasantam&halaman=1,"[<selenium.webdriver.firefox.webelement.FirefoxWebElement (session=""7ae0fad5-3df7-6f49-8747-c7d4a0613fad"", element=""4a1cff48-f1af-6044-94cb-e0b2aea7a0b6"")>]"
5,23 March 2021 15:27,"Heboh Tesla, Ini Bocoran Target Harga ANTM-INCO Cs dari CLSA",https://www.cnbcindonesia.com/market/20210323144940-17-232242/heboh-tesla-ini-bocoran-target-harga-antm-inco-cs-dari-clsa,"Jakarta, CNBC Indonesia - Proyek pabrik baterai untuk kendaraan listrik (electric vehicle/EV) yang digaungkan pemerintah menjadi sentimen positif untuk emiten nikel dan otomotif. Tak terkecuali, untuk dua emiten nikel PT Aneka Tambang Tbk (ANTM) dan PT Vale Indonesia Tbk (INCO) serta emiten raksasa otomotif PT Astra International Tbk (ASII).Lalu bagaimana rekomendasi dan target harga ketiga saham tersebut seiring adanya proyek baterai kendaraan di Tanah Air?Kabar mengenai pabrik baterai ini menjadi perbincangan hangat akhir-akhir ini, Bahkan, beberapa waktu lalu, sempat geger kabar bahwa pabrikan mobil listrik Amerika Serikat (AS) besutan Elon Musk Tesla Inc. akan membangun mobil listrik di Tanah Air.Walaupun, akhirnya dikonfirmasi oleh pemerintah bahwa Tesla tidak berinvestasi dalam produksi mobil listrik, melainkan Energy Storage System (ESS). ESS ini semacam 'power bank' dengan giga baterai skala besar yang bisa menyimpan tenaga listrik besar hingga ratusan mega watt (MW).Dengan bermodalkan adanya cadangan nikel terbesar di dunia, pemerintah berupaya untuk ikut bergabung ke dalam jaringan mobil listrik global. Sebagai informasi, nikel berguna sebagai bahan baku utama baterai kendaraan listrik.Seiring dengan ambisi tersebut, pemerintah meluncurkan sejumlah insentif besar-besaran untuk menarik investasi.Pemerintah berkeinginan untuk membentuk rantai pasokan lengkap dari hulu ke hilir, dengan penambangan nikel, pemrosesan hilir, baterai sampai manufaktur mobil.Sekuritas yang didirikan di Hong Kong pada 1986, CLSA Sekuritas pun merilis riset soal sektor ini berikut dengan target harga saham ketiga emiten tersebut.CLSA juga mengulas mengenai outlook terkait wacana kendaraan listrik, ketiga emiten yang disebut juga akan mendapat manfaat terbesar dari inisiatif pemerintah yang berani ini.Apalagi, produsen mobil seperti Hyundai dan Toyota telah berkomitmen untuk membangun mobil ramah lingkungan secara lokal.Hyundai sedang menyiapkan pabrik dengan produksi yang dijadwalkan akan dimulai lebih awal 2022. Fasilitas ini pertama-tama akan memproduksi kendaraan internal combustion engine (ICE) dan baru beralih membuat EV kemudian.Sementara, Toyota berencana akan berinvestasi US$ 2 miliar atau setara dengan Rp 28 triliun (kurs Rp 14.000/US$) untuk memproduksi kendaraan listrik full pada 2023-2024.Sudah sejak 2019, pemerintah memulai rencananya untuk membangun ekosistem industri kendaraan listrik terintegrasi.Pemerintah menggelontorkan insentif pajak untuk meningkatkan permintaan kendaraan listrik dan langkah-langkah pendukung untuk mendukung produksi baterai dan kendaraan lokal.Tujuan dari kebijakan pemerintah ini adalah agar jumlah kendaraan listrik alias EV hibrida (HEV), EV hibrida plug-in (PHEV), EV baterai (BEV) dan fuel cell EV (FCEV) akan mencapai 20% dari semua kendaraan buatan lokal pada tahun 2025, dan menjadi 30% pada tahun 2035.Untuk mendorong adopsi kendaraan listrik ini, insentif pemerintah didasarkan pada emisi kendaraan. Misalnya, pemerintah telah mengurangi pajak barang mewah untuk kendaraan listrik berbasis baterai (BEV) menjadi nol.""Kami yakin pemanis seperti itu akan tetap ada hingga produksi lokal dimulai, yang bisa terjadi paling cepat 2023-24,"" jelas CLSA dalam risetnya, dikutip CNBC Indonesia, Selasa (23/3).Lebih lanjut, CLSA menilai, penerapan proyek kendaraan listrik harus benar-benar lepas landas ketika produksi dan infrastruktur dalam negeri, misalnya stasiun pengisian, sudah siap. Ini karena keduanya dapat menurunkan biaya kepemilikan (cost of ownership).Untuk mempercepat, perusahaan sektor swasta juga diajak oleh pemerintah untuk membantu membangun jaringan pengisian daya dan pertukaran baterai kendaraan listrik.Ambisi besar pemerintah di atas ditopang oleh adanya cadangan nikel, yang berperan sentral untuk pembuatan baterai. Dalam satu dekade terakhir, Indonesia telah berubah dari penambang bijih menjadi pengolah nikel hilir dan eksportir utama besi dan baja.Indonesia juga telah menarik sejumlah pemain global utama untuk melakukan investasi sebesar US$ 30-35 miliar dalam produksi baterai EV, dengan beberapa di antaranya telah direalisasikan.Adapun pabrik prekursor baterai baru dijadwalkan akan beroperasi pada tahun 2021-2022.""Dengan bahan baku yang melimpah, dukungan infrastruktur, dan rekam jejak yang sukses, kami yakin negara ini akan menjadi produsen suku cadang EV dan EV yang kompetitif di Asia,"" ramal CLSA.Dalam riset ini, CLSA menyematkan rekomendasi outperform rating dengan target harga Rp 6.100 untuk distributor mobil raksasa Tanah Air ASII.Pada penutupan perdagangan hari ini, Selasa (23/3), ASII ditutup stagnan di harga Rp 5.575/saham dengan nilai transaksi Rp 263,22 miliar. Tercatat dalam sebulan saham ini terkoreksi 2,19%, sementara secara year to date (YTD) juga ambles 10,08%.Menurut periset CLSA, ASII seharusnya mendapatkan keuntungan dari dominasi Toyota di segmen mobil hybrid. Selain itu, Toyota saat ini juga sedang mengejar teknologi kendaraan listrik baterai alias BEV.Astra International mendominasi pasar mobil ICE dengan 50% pangsa di segmen roda empat dan 79% pangsa pasar kendaraan roda dua. Merek mobil andalan ASII, antara lain Toyota dan Daihatsu dalam segmen roda empat, serta Honda di segmen roda dua.Toyota juga berada di garis depan teknologi hybrid secara global dan mengejar pengembangan kendaraan listrik baterai BEV.Menurut CLSA, setelah meluncurkan beberapa model baru pada tahun 2020, Astra menguasai 79% penjualan mobil listrik di Indonesia, terutama dengan mobil hybrid Toyota hasil impor.Dengan jaringan dealer yang kuat, layanan purna jual dan pengenalan merek, Astra memiliki posisi yang tepat untuk mendapatkan keuntungan dari inisiasi pemerintah dan berbagai tindakan pendukung. Perusahaan juga bekerja sama dengan pemerintah dalam uji kelayakan EV roda dua.Sementara, untuk duo emiten nikel ANTM-INCO, CLSA memberi peringkat beli atau buy. ANTM dengan target harga Rp 4.000, sementara untuk INCO Rp 8.600.Saham ANTM berhasil ditutup menguat di zona hijau sebesar 0,44% ke Rp 2.270/saham di Selasa ini. Dalam sebulan saham emiten nikel dan emas ini sudah anjlok 23,05%. Tetapi, saham ANTM melesat 224,29% secara YTD.Tidak seperti ANTM, INCO malah merosot ke zona merah sebesar 0,44% ke posisi Rp 4.500/saham. Adapun dalam sebulan terakhir saham INCO sudah jatuh 29,96%. Namun, secara ytd saham ini sudah melejit 47,06%.Rekomendasi CLSA ini dengan pertimangan karena keduanya sudah bergerak di bidang pertambangan bahan baterai EV yang tak lain adalah nikel. Dengan demikian, kedua emiten ini seharusnya bisa menikmati keuntungan dalam proses persiapan produksi baterai kendaraan listrik.""Di sisi makro, kami memperkirakan permintaan global yang kuat untuk kendaraan listrik (EV) dapat membantu mengurangi defisit transaksi berjalan dan menciptakan lapangan kerja di Indonesia,"" jelas periset CLSA Sarina Lesmina dkk dalam riset mereka.Sebagai informasi, pemerintah juga sudah membuat Indonesia Battery Holding (IBH) yang beranggotakan BUMN seperti Antam, Inalum, dan Pertamina.TIM RISET CNBC INDONESIA"
6,23 March 2021 07:59,Jangan Kaget! Saham Emiten Emas ANTM-MDKA Cs Jeblok Terus,https://www.cnbcindonesia.com/market/20210322092639-17-231788/jangan-kaget-saham-emiten-emas-antm-mdka-cs-jeblok-terus,"Jakarta, CNBC Indonesia - Pelaku pasar tampaknya cenderung tidak banyak mengoleksi saham-saham emiten emas akhir-akhir ini. Hal tersebut dalam terlihat dari kinerja saham-saham emiten produsen logam kuning tersebut yang anjlok dalam sebulan terakhir.Bahkan, dalam kurun 30 hari terakhir, salah satu dari emiten tersebut ada yang sudah ambles sebesar 19%.Lantas, emiten mana yang mencatatkan kinerja paling jeblok dalam sebulan?Berikut pergerakan harga saham emiten logam mulia emas dalam sebulan dan year to date (YTD), hingga perdagangan Jumat pekan lalu (19/3/2021).Dari tabel di atas, ada tiga saham yang mencatatkan kinerja paling negatif di antara yang lainnya, yakni PT Aneka Tambang Tbk (ANTM), PT Merdeka Copper Gold Tbk (MDKA) dan PT Wilton Makmur Indonesia Tbk (SQMI).Antam (ANTM)Saham emiten emas pelat merah ANTM mencatatkan kinerja saham paling ambles, yakni sebesar 19,06% dalam sebulan. Sebenarnya, secara YTD saham ini malah melesat sebesar 219,15%.Menariknya, merosotnya saham emiten yang didirikan pada 1968 ini diwarnai aksi beli bersih oleh asing senilai Rp 1,06 triliun dalam sebulan. Asing juga tercatat ramai-ramai membeli ANTM Rp 1,71 triliun secara YTD.Sementara, pada Jumat (19/3/2021), ANTM ditutup memerah 1,75% ke Rp 2.250/saham. Praktis, selama sepekan lalu saham ini hanya sekali di zona hijau, yakni pada Rabu (17/3) ketika menguat 1,32%. Dengan demikian, selama seminggu saham ANTM juga merosot 7,02%.Adapun saham ANTM ditutup naik tipis 0,44% di level Rp 2.260/saham pada perdagangan Senin (22/3). Meski demikian, sebulan saham emiten di bawah Grup MIND ID ini masih minus 21,53%.Baru-baru ini, ANTM melaporkan kinerja keuangan yang positif di tahun lalu. Pasalnya, laba bersih perusahaan selama 2020 meroket hingga 492,90% secara tahunan (year on year (YoY) menjadi Rp 1,14 triliun dari Rp 193,85 miliar.Dalam keterangan resminya, ANTM menargetkan produksi emas sepanjang 2021 sebanyak 1,37 ton emas dari tambang Pongkor (Bogor, Jawa Barat) dan Cibaliung (Banten) dan target penjualan sebanyak 18 ton emas.Sebagai perbandingan, tahun lalu secara akumulatif, capaian kinerja unaudited produksi dan penjualan emas Antam sepanjang 2020 masing-masing sebesar 1.672 kg atau 1,67 ton (53.756 t oz) dan 21.797 kg atau 21,79 ton (700.789 t oz).Artinya, target tahun ini target produksi turun 17,9% dan target penjualan turun 17,39%.Penjualan emas 2020 ini turun sebesar 36% dari tahun sebelumnya yakni sebesar 34.023 kg. Sedangkan, dari sisi produksi juga terkoreksi 17% dari tahun sebelumnya yakni 1,963 kg dari tambang yang sama.Merdeka Copper (MDKA)Saham MDKA juga tercatat anjlok 9,06% dalam sebulan terakhir. Namun secara YTD, saham emiten Grup Saratoga milik Menteri Pariwisata dan Ekonomi Kreatif Sandiaga Uno ini sudah melejit 91,27%.Meskipun ambles, asing mencatatkan beli bersih Rp 45,24 miliar selama sebulan.Mirip dengan ANTM, kemarin MDKA ditutup merosot 1,23% ke Rp 2.410/saham. Dalam sepekan saham yang melantai di bursa sejak 2015 silam ini hanya menghijau pada Kamis (18/3). Dengan demikian, saham MDKA sudah menyusut 3,21% dalam seminggu terakhir.Adapun pada perdagangan Senin (22/3), saham MDKA ditutup turun 1,66% di level Rp 2.370/saham dan sebulan minus 9,89%.Kabar terbaru, pada awal Maret ini, MDKA telah melaksanakan penambahan modal melalui skema tanpa hak memesan efek terlebih dahulu (PMTHMETD) atau private placement sebanyak 1 miliar saham baru.Dalam private placement tersebut, Macquarie Capital Limited, perusahaan keuangan asal Australia, menyerap seluruh saham baru yang diterbitkan MDKA dengan nilai pelaksanaan Rp 2.420 per saham pada 4 Maret 2021.Dengan demikian, nilai yang disetor Macquarie Limited kepada MDKA sebesar Rp 2,43 triliun. Tanggal pencatatan saham pelaksanaan private placement tersebut pada 5 Maret 2021. Jumlah saham MDKAyang beredar setelah private placement ini menjadi sebesar 22,90 miliar saham dari sebelumnya 21,89 miliar saham.Adapun dana yang diperoleh dari private placement tersebut akan digunakan perseroan maupun entitas anak untuk keperluan belanja modal dan atau kebutuhan modal kerja.Sebelumnya, sampai dengan September 2020, MDKA mencatatkan penurunan laba bersih yang diatribusikan kepada pemilik entitas induk sebesar 13,6% menjadi US$ 57,19 juta dari periode yang sama pada tahun sebelumnya US$ 66,19 juta.Sementara itu, dari sisi pendapatan mengalami penurunan 8,5% menjadi US$ 296,53 juta dari periode yang sama di tahun sebelumnya sebesar US$ 324,28 juta.Wilton Makmur (SQMI)Saham ketiga, SQMI, juga tercatat sudah ambrol 6,51% selama sebulan ini. Meskipun, secara YTD saham ini menguat 32,77%.Pada perdagangan Jumat pekan lalu (19/3), saham emiten yang dulu bernama Renuka Coalindo stagnan di harga Rp 316/saham. Selama sepakan, saham emiten yang berdiri pada 2000 ini juga tak mencatatkan pergerakan alias 'jalan di tempat'.Adapun pada Senin (22/3), saham SQMI turun 3,16% di level Rp 306/saham dengan koreksi sebulan 12%.Menurut laporan aktivitas eksplorasi Februari 2021 di keterbukaan BEI, perusahaan saat ini sedang berfokus pada kegiatan pembangunan pabrik pengolahan emas di Ciemas, Sukabumi, Jawa Barat, dengan kapasitas 500 ton per hari yang telah mencapai tahap akhir konstruksi.Sebelumnya, berdasarkan materi public expose pada akhir Desember 2020, manajemen SQMI melaporkan kemajuan fasilitas pengolahaan emas tersebut telah lebih dari 95%. SQMI kembali melanjutkan pembangunan pabrik ini setelah sempat mandeg akibat pandemi Covid-19 pada 2020 lalu.Menilik kinerja keuangan perusahaan, per September 2020, SQMI masih mencatatkan rugi bersih sebesar Rp 44,85 miliar. Raihan tersebut membaik dari periode yang sama tahun sebelumnya, yang membukukan rugi bersih senilai RP 145,17 miliar.Adapun pendapatan perusahaan dari penjualan emas dore pada kuartal III tahun lalu sebesar RP 3,94 miliar. Malahan, pada September 2019, perusahaan ini tidak mencatatkan penjualan sama sekali.Pada 30 September 2019, pihak BEI sempat mensuspensi atau menghentikan sementara perdagangan saham SQMI (waktu itu masih bernama Renuka Coalindo), sebelum akhirnya dicabut pada 25 Oktober 2019.Hal ini terjadi lantaran emiten ini tidak membukukan pendapatan usaha selama semester I-2019.Kemudian, pada akhir September 2019 hingga Oktober 2019, SQMI sempat melakukan agenda tender offer atau penawaran tender saham publik yang diwajibkan oleh otoritas setelah perusahaan tambang ini dicaplok investor baru.

Induk usaha baru dari SQMI waktu itu, yakni Wilton Resources Holding Pte. Ltd., melakukan tender offer wajib atas 1,5% saham SQMI yang beredar di publik.Wilton Resources Holding kala itu baru menjadi pemegang saham pengendali SQMI, setelah perusahaan ini menyerap seluruh saham yang diterbitkan dalam Penawaran Umum Terbatas (PUT) I dengan total nilai transaksi senilai Rp 3,76 triliun.Jumlah saham yang diserap waktu itu mencapai 15,06 miliar atau setara dengan kepemilikan 96,95%. Adapun berdasarkan data terbaru Kustodian Sentral Efek Indonesia (KSEI), Wilton Resources Holding menguasai 89,99% atau 13,98 miliar saham SQMI per 18 Maret 2021.Setelah transaksi tersebut dilakukan, Renuka (nama sebelumnya dari Wilton Makmur Indonesia) praktis langsung akan berganti bisnis dari batu bara menjadi pertambangan emas. Wilton Resources Holding (WRH) adalah perusahaan terbatas yang didirikan pada 21 Oktober 2011 di Singapura.Tujuan dari pengendalian tersebut adalah untuk memperluas kegiatan usaha WRH di Indonesia. Bisnis WRH beragam, tapi saat ini mereka fokus pada industri pertambangan emas di regional Asia.Kemudian, setelah melalui persetujuan Rapat Umum Pemegang Saham Luar Biasa (RUPSLB) pada Oktober 2019, Renuka Coalindo resmi berganti nama menjadi Wilton Makmur Indonesia per November 2019.TIM RISET CNBC INDONESIA"
7,"Tuesday, March 23, 2021       09:26 WIB","Harga Emas Antam Hari Ini 23 Maret 2021, Turun ke Rp929 Ribu","https://www.indopremier.com/ipotnews/newsDetail.php?jdl=Harga_Emas_Antam_Hari_Ini_23_Maret_2021__Turun_ke_Rp929_Ribu&news_id=381700&group_news=RESEARCHNEWS&taging_subtype=NATURALRESOURCES&name=&search=y_general&q=emas,tambang,%20&halaman=1","[<selenium.webdriver.firefox.webelement.FirefoxWebElement (session=""7ae0fad5-3df7-6f49-8747-c7d4a0613fad"", element=""1b67e1ee-8ac8-b548-8292-7c5cfe716097"")>]"
8,"Monday, March 22, 2021       09:36 WIB","Harga Emas Antam Hari Ini 22 Maret, Lesu ke Rp931 Ribu","https://www.indopremier.com/ipotnews/newsDetail.php?jdl=Harga_Emas_Antam_Hari_Ini_22_Maret__Lesu_ke_Rp931_Ribu&news_id=381647&group_news=RESEARCHNEWS&taging_subtype=MARKETOVERVIEW&name=&search=y_general&q=hargaemas,%20&halaman=1","[<selenium.webdriver.firefox.webelement.FirefoxWebElement (session=""7ae0fad5-3df7-6f49-8747-c7d4a0613fad"", element=""3ef006b3-7cc0-6d4d-aa7a-99dbbc4577c9"")>]"
9,"Monday, March 22, 2021       09:11 WIB","Awal Pekan, Emas Antam Susut Rp3 Ribu/Gram","https://www.indopremier.com/ipotnews/newsDetail.php?jdl=Awal_Pekan__Emas_Antam_Susut_Rp3_Ribu_Gram&news_id=131391&group_news=IPOTNEWS&taging_subtype=PG002&name=&search=y_general&q=,&halaman=1","[<selenium.webdriver.firefox.webelement.FirefoxWebElement (session=""7ae0fad5-3df7-6f49-8747-c7d4a0613fad"", element=""1c70611f-ab5c-1d4e-925d-e303f930bae7"")>]"
10,"Minggu, 21 Maret 2021 / 10:28 WIB",Harga Emas Antam hari ini stagnan di level Rp 934.000 per gram pada Minggu (21/3),https://investasi.kontan.co.id/news/harga-emas-antam-hari-ini-stagnan-di-level-rp-934000-per-gram-pada-minggu-213,"KONTAN.CO.ID -  JAKARTA. Harga emas batangan bersertifikat Antam keluaran Logam Mulia PT Aneka Tambang Tbk (ANTM) stagnan pada Minggu (21/3). Mengutip situs Logam Mulia, harga pecahan satu gram emas Antam berada di Rp 934.000. Harga emas Antam ini sama dengan harga Sabtu (20/3) yang juga berada di level Rp 93.000 4per gram. Sementara, harga buyback emas Antam berada di level Rp 810.000 per gram. Harga tersebut juga sama bila dibandingkan harga buyback pada Sabtu (20/3) yang ada di Rp 810.000 per gram. Berikut harga emas batangan Antam dalam pecahan lainnya per Sabtu (20/3) dan belum termasuk pajak:  Keterangan: Logam Mulia Antam menjual emas dan perak batangan dalam beberapa ukuran berat (misalnya 1 gram, 2 gram, dan 500 gram). Biasanya harga per gram emas Antam akan berbeda tergantung berat batangnya. Perbedaan ini terjadi karena ada biaya tambahan untuk pencetakan, sehingga harga per gram emas Antam batang kecil lebih mahal dari batang yang lebih besar. Harga yang ada di sini adalah harga per gram emas batang 1 kilogram yang biasa dijadikan patokan pelaku bisnis emas.    Banjir stimulus ekonomi global, harga saham pun bakal terkerek             "
11,"Saturday, March 20, 2021       13:12 WIB","Rebound, Harga Emas Antam Bertambah Rp9 Ribu/Gram","https://www.indopremier.com/ipotnews/newsDetail.php?jdl=Rebound__Harga_Emas_Antam_Bertambah_Rp9_Ribu_Gram&news_id=131375&group_news=IPOTNEWS&taging_subtype=PG002&name=&search=y_general&q=,&halaman=1","[<selenium.webdriver.firefox.webelement.FirefoxWebElement (session=""7ae0fad5-3df7-6f49-8747-c7d4a0613fad"", element=""e06b9bf9-5225-e643-a5b8-28ddb22a6664"")>]"
12,20 March 2021 10:10,"Di-ghosting Tesla, Dipinang Toyota Cs",https://www.cnbcindonesia.com/market/20210318144742-19-231149/di-ghosting-tesla-dipinang-toyota-cs,"Jakarta, CNBC Indonesia- Saham-saham emiten pertambangan nikel seperti  PT Aneka Tambang Tbk (ANTM) dan PT Vale Indonesia Tbk (INCO) bak kena ghosting setelah naik cukup signifikan dengan nilai transaksi jumbo. Saham-saham ini seperti kehilangan tenaga setelah kabar mengenai Tesla yang akhirnya memilih India untuk membangun mobil listrik dan juga Kaledonia Baru untuk sumber nikel. Namun jangan sedih karna sebenarnya tak cuma Tesla di sini yang berminat dengan nikel RI yang mempunyai cadangan terbesar di muka bumi ini?Selengkapnya dalam program Squawk Box CNBC Indonesia (Jumat, 19/03/2021) berikut ini."
13,19 March 2021 11:40,"ANTM-INCO-TINS Jadi Trio Macan di 2021, Berapa Target Harga?",https://www.cnbcindonesia.com/market/20210319110228-17-231355/antm-inco-tins-jadi-trio-macan-di-2021-berapa-target-harga,"Jakarta, CNBC Indonesia - Menggeliatnya saham-saham pertambangan mineral terlihat dari performa tiga emiten yakni PT Aneka Tambang Tbk (ANTM), PT Vale Indonesia Tbk (INCO) dan PT Timah Tbk (TINS) di pasar modal.Walaupun sempat mengalami koreksi cukup dalam, tapi emiten dengan sebutan 'trio macan' ini diramal masih akan bersinar di tahun ini.""Kita melihat di tahun 2021 ini performa ketiga emiten ini, ANTM-INCO TINS atau yang disebut trio macan ini di tahun 2021 masih ada potensi untuk bersinar. Walaupun mengalami koreksi cukup dalam ketika kita bandingkan dengan pertengahan bulan Januari lalu,"" kata CEO Sucor Sekuritas, Bernadus Wijaya dalam InvesTime CNBC Indonesia, Kamis (18/3/2021).Dia mengatakan saham ketiganya cukup signifikan karena terkait euforia investor ritel yang melakukan pembelian saham nikel dan timah. Ini terjadi walau saham lain seperti farmasi mengalami margin call, pasar tetap tertarik dengan dua sektor tadi.Harga nikel sendiri akan kembali normal dalam US$ 18 per tonnya. Dia juga menuturkan percaya pada harga nikel serta timah, salah satunya kebutuhan akan mobil listrik saat ini di sejumlah negara luar Indonesia.Ini terjadi walau bos Tesla, Elon Musk pernah mengungkapkan akan mengganti bahan baku kendaraan listriknya menjadi Iron dari nikel sebagai baterai. Namun
 menurutnya mengubah infrastruktur bukanlah sesuatu yang mudah.Ke depannya kebutuhan akan nikel juga masih ada pada perusahaan penghasil kendaraan listrik misalnya Hyundai, Nio dan Toyota.""Tidak hanya di Indonesia, tapi Amerika-China dan negara lainnya telah menggembar-gemborkan mengenai ramah lingkungan. Sehingga tidak mungkin mereka cepat mengalihkan bahan baku dari Iron atau besi baja lainnya,"" ungkapnya.Selain itu juga Timah akan mengalami kenaikan. Sebab di kendaraan listrik menjadi bahan baku penting juga untuk alat mengisi daya kendaraan.Dengan pandemi yang mungkin dilewati pada taun 2021, apalagi adanya vaksin serta orang mulai banyak keluar dan menunjang masyarakat melakukan pembelian terhadap mobil termasuk mobil listrik.Belum lagi fakta pada kuartal IV 2020, performa emiten nikel lebih baik dibandingkan tahun 2019. Padahal tahun lalu dihantam pandemi Covid-19.""Tidak heran di tahun 2021 performa trio macan ini lebih baik dan ini saja akan mampu menunjang dari ketiga saham itu.
 Sehingga kita mampu menargetkan ANTM di harga Rp 3.900, INCO Rp 7.250 dan TINS Rp 2.350,"" jelasnya.Data BEI mencatat, saham ANTM pada perdagangan pukul 11.10 WIB, Jumat ini (19/3), minus 2,18% di level Rp 2.240/saham dan year to date naik 16,28%.Saham TINS turun 1,62% di level Rp 1.820/saham dengan kenaikan year to date 22,22% dan saham INCO juga minus 2,18% di Rp 4.490/saham dengan penurunan year to date 11,96%."
14,"Jumat, 19 Maret 2021 / 09:09 WIB",Harga emas Antam anjlok Rp 10.000 menjadi Rp 925.000 per gram pada Jumat (19/3),https://investasi.kontan.co.id/news/harga-emas-antam-anjlok-rp-10000-menjadi-rp-925000-per-gram-pada-jumat-193,"KONTAN.CO.ID -  JAKARTA. Harga emas batangan bersertifikat Antam keluaran Logam Mulia PT Aneka Tambang Tbk (ANTM) turun pada Jumat (19/3). Mengutip situs Logam Mulia, harga pecahan satu gram emas Antam berada di Rp 925.000. Harga emas Antam ini turun Rp 10.000 dari harga Kamis (17/3) yang juga berada di level Rp 935.000 per gram. Sementara harga buyback emas Antam berada di level Rp 802.000 per gram. Harga tersebut juga turun Rp 10.000 dibandingkan harga buyback pada Kamis (18/3) yang ada di Rp 812.000 per gram. Berikut harga emas batangan Antam dalam pecahan lainnya per Jumat (19/3) dan belum termasuk pajak:  Keterangan: Logam Mulia Antam menjual emas dan perak batangan dalam beberapa ukuran berat (misalnya 1 gram, 2 gram, dan 500 gram). Biasanya harga per gram emas Antam akan berbeda tergantung berat batangnya. Perbedaan ini terjadi karena ada biaya tambahan untuk pencetakan, sehingga harga per gram emas Antam batang kecil lebih mahal dari batang yang lebih besar. Harga yang ada di sini adalah harga per gram emas batang 1 kilogram yang biasa dijadikan patokan pelaku bisnis emas      Harga Emas melonjak naik Rp 25.000 menjadi Rp 826.000 per gram             "
15,"Kamis, 18 Maret 2021 / 10:56 WIB","Membaik! Selisih harga emas Antam dan buyback Rp 123.000 per gram, 18 Maret 2020",https://investasi.kontan.co.id/news/membaik-selisih-harga-emas-antam-dan-buyback-rp-123000-per-gram-18-maret-2020,"KONTAN.CO.ID - JAKARTA. Kamis (18/3) harga emas batangan bersertifikat di Logam Mulia milik PT Aneka Tambang (ANTM) naik Rp 8.000 per gram, dari sebelumnya Rp 927.000 per gram menjadi Rp 935.000 per gram.  Di lain sisi, harga buyback oleh Logam Mulia naik Rp 11.000 per gram, dari sebelumnya Rp 801.000 per gram menjadi Rp 812.000 per gram. Dengan demikian, selisih antara harga emas dan harga buyback hari ini adalah Rp 123.000 per gram. Selama ini Antam menetapkan dua macam harga emas batangan produksinya: harga emas dan harga beli kembali (buyback).  Sumber: Logam Mulia Harga emas yang tercantum di atas adalah harga yang berlaku ketika kita membeli emas dari gerai Logam Mulia. Adapun harga buyback adalah harga yang berlaku ketika kita menjual emas kepada gerai Logam Mulia. Siapa saja perlu mencermati dua macam harga emas tersebut kalau benar-benar serius hendak menjadi investor emas batangan. Tanpa memperhitungkan perbedaan dua harga tersebut, bisa-bisa seorang investor emas salah menghitung potensi untung dan rugi. Dengan selisih harga jual dan harga beli (spread) setebal itu, emas hanya cocok untuk investasi dalam jangka panjang. Secara jangka panjang kita berharap harga emas naik jauh lebih tinggi sehingga mampu menutup selisih harga jual dan harga buyback, sekaligus memberikan laba.      Harga Emas melonjak naik Rp 25.000 menjadi Rp 826.000 per gram             "
16,"Thursday, March 18, 2021       09:25 WIB","Harga Emas Antam Hari Ini 18 Maret, Naik ke Rp935 Ribu","https://www.indopremier.com/ipotnews/newsDetail.php?jdl=Harga_Emas_Antam_Hari_Ini_18_Maret__Naik_ke_Rp935_Ribu_&news_id=381534&group_news=RESEARCHNEWS&taging_subtype=INDONESIA&name=&search=y_general&q=INDONESIA,&halaman=1","[<selenium.webdriver.firefox.webelement.FirefoxWebElement (session=""7ae0fad5-3df7-6f49-8747-c7d4a0613fad"", element=""7a36458b-4fad-5641-8725-939b9de763df"")>]"
17,"Kamis, 18 Maret 2021 / 09:30 WIB",Harga emas Antam naik Rp 8.000 menjadi Rp 935.000 per gram pada hari ini (18/3),https://investasi.kontan.co.id/news/harga-emas-antam-naik-rp-8000-menjadi-rp-935000-per-gram-pada-hari-ini-183,"KONTAN.CO.ID - JAKARTA. Harga emas batangan bersertifikat Antam keluaran Logam Mulia PT Aneka Tambang Tbk (ANTM) melesat pada Kamis (18/3). Mengutip situs Logam Mulia, harga pecahan satu gram emas Antam berada di Rp 935.000. Harga emas Antam ini naik Rp 8.000 dari harga Rabu (17/3) yang berada di level Rp 927.000 per gram. Sementara harga buyback emas Antam berada di level Rp 812.000 per gram. Harga tersebut juga naik Rp 11.000 dibandingkan harga buyback pada Rabu (17/3) yang ada di Rp 801.000 per gram. Berikut harga emas batangan Antam dalam pecahan lainnya per Kamis (18/3) dan belum termasuk pajak:  Keterangan: Logam Mulia Antam menjual emas dan perak batangan dalam beberapa ukuran berat (misalnya 1 gram, 2 gram, dan 500 gram). Biasanya harga per gram emas Antam akan berbeda tergantung berat batangnya. Perbedaan ini terjadi karena ada biaya tambahan untuk pencetakan, sehingga harga per gram emas Antam batang kecil lebih mahal dari batang yang lebih besar. Harga yang ada di sini adalah harga per gram emas batang 1 kilogram yang biasa dijadikan patokan pelaku bisnis emas      Harga Emas melonjak naik Rp 25.000 menjadi Rp 826.000 per gram             "
18,"Kamis, 18 Maret 2021 / 07:00 WIB","Prospek ANTM, TINS, PTBA, mana yang lebih menjanjikan tahun ini?",https://investasi.kontan.co.id/news/prospek-antm-tins-ptba-mana-yang-lebih-menjanjikan-tahun-ini,"KONTAN.CO.ID - JAKARTA. Prospek kinerja tiga emiten tambang milik negara diyakini akan membaik seiring dengan membaiknya harga komoditas andalan masing-masing emiten. Namun, kinerja PT Bukit Asam Tbk (PTBA) diyakini akan lebih moncer tahun ini. Analis NH Korindo Sekuritas Indonesia Maryoki Pajri Alhusnah mengatakan, prospek cerah Bukit Asam seiring dengan harga batubara yang lebih tinggi dari tahun sebelumnya. Namun, dia menilai, prospek ini juga harus dibarengi dengan efisiensi yang dilakukan manajemen. Pesona PTBA juga ditambah dengan beberapa proyek yang sedang dilakukan emiten ini, yang dinilai akan menjadi pendukung kinerjanya jika proyek tersebut dapat terlaksana dengan baik dan sesuai dengan jadwalnya.   Untuk PT Aneka Tambang Tbk (ANTM), meskipun segmen pendapatan emiten ini terdiversifikasi cukup baik, sekitar 72% pendapatannya masih berasal dari segmen emas. Asumsi harga emas akan tertekan karena pemulihan ekonomi tentu bisa menekan kinerja ANTM. “Menekan kinerja ANTM di sini maksudnya bukan kinerjanya akan menurun, tetapi lebih akan membaik secara perlahan asalkan efisiensinya terus berjalan,” terang Maryoki kepada Kontan.co.id, Rabu (17/3). Secara umum, NH Korindo Sekuritas melihat kinerja produksi dan volume penjualan ANTM akan mulai tumbuh tahun ini, walaupun memang belum signifikan. Untuk diketahui, ketiga emiten tambang di bawah naungan MIND ID mencatatkan kinerja yang beragam. PTBA membukukan pendapatan Rp 17,32 triliun, menurun 20,48% dibanding periode yang sama tahun sebelumnya yang mencapai Rp 21,79 triliun. PTBA membukukan laba bersih Rp 2,39 triliun, menyusut 41,17% dibanding periode yang sama tahun sebelumnya yang mencapai Rp 4,06 triliun. ANTM membukukan laba bersih senilai Rp 1,15 triliun. Laba ini meroket 492,87% dari laba bersih tahun 2019 yang hanya Rp193,85 miliar. Namun, Antam membukukan pendapatan senilai Rp 27,37 triliun. Pendapatan menurun 16,34% dari torehan pendapatan di akhir 2019 yang mencapai Rp 32,72 triliun. 20 Saham Royal Dividen             "
19,18 March 2021 06:05,"Mumpung IHSG Drop, Asing Rebutan 10 Saham! ANTM-TINS Teratas",https://www.cnbcindonesia.com/market/20210317213911-17-230948/mumpung-ihsg-drop-asing-rebutan-10-saham-antm-tins-teratas,"Jakarta, CNBC Indonesia - Saham-saham BUMN tambang mineral mendadak menjadi buruan investor asing pada perdagangan Rabu kemarin (17/3/2021) saat Indeks Harga Saham Gabungan (IHGS) ambles dalam 3 hari terakhir.Data BEI mencatat, saham dengan catatan beli bersih terbesar di pasar reguler Rabu kemarin yakni PT Aneka Tambang Tbk (ANTM) dengan beli bersih Rp 69 miliar dan disusul PT Timah Tbk (TINS) dengan beli bersih 60,4 miliar.Adapun IHSG kembali ditutup melemah 0,51% ke posisi 6.277,23 pada penutupan sesi II perdagangan, Rabu kemarin. Dengan demikian sudah 3 hari indeks acuan utama Bursa Efek Indonesia (BEI) ini merah.Ada 194 saham naik, 266 saham merosot dan 174 saham stagnan, dengan nilai transaksi mencapai Rp 10,02 triliun dan volume perdagangan mencapai 17,26 miliar saham.Investor asing pasar saham masuk ke Indonesia dengan catatan beli bersih asing mencapai Rp 186,59 miliar di pasar reguler. Sementara, asing mencatatkan jual bersih di pasar negosiasi dan pasar tunai sebesar Rp 2,01 miliar.Berikut saham-saham yang diborong asing di pasar reguler.1. Antam (ANTM), net buy Rp 69 M, saham +1,32% Rp 2.3002. Timah (TINS), Rp 60,4 M, saham +3,11% Rp 1.8253. Bank KB Bukopin (BBKP), Rp 47 M, saham +1,90% Rp 5354. Telkom (TLKM), Rp 46 M, saham +0,89% Rp 3.3905. Sarana Menara (TOWR), Rp 41 M, saham -2,60% Rp 1.1256. Tower Bersama (TBIG), Rp 24 M, saham +0,48% Rp 2.1007. Kalbe Farma (KLBF), Rp 23 M, saham 0,32% Rp 1.5908. Indofood CBP (ICBP), Rp 18 M, saham +0,29% Rp 8.6259. Indosat (ISAT), Rp 17,4 M, saham -2,02% Rp 6.05010. Adaro Energy (ADRO), Rp 16,3 M, saham +0,82% Rp 1.230Belanja saham dari investor asing atas saham ANTM-TINS ini berbeda dengan perdagangan hari sebelumnya, Selasa (16/3), ketika dua saham anak usaha MIND ID alias Inalum ini ambles.Bahkan saham Timah ambles ke batas auto reject bawah (ARB) 6,84% di level Rp 1.770/saham, sementara saham ANTM juga merosot 2,99% ke Rp 2.270/saham di Selasa.Jakarta, CNBC Indonesia - Saham-saham BUMN tambang mineral mendadak menjadi buruan investor asing pada perdagangan Rabu kemarin (17/3/2021) saat Indeks Harga Saham Gabungan (IHGS) ambles dalam 3 hari terakhir.Data BEI mencatat, saham dengan catatan beli bersih terbesar di pasar reguler Rabu kemarin yakni PT Aneka Tambang Tbk (ANTM) dengan beli bersih Rp 69 miliar dan disusul PT Timah Tbk (TINS) dengan beli bersih 60,4 miliar.Adapun IHSG kembali ditutup melemah 0,51% ke posisi 6.277,23 pada penutupan sesi II perdagangan, Rabu kemarin. Dengan demikian sudah 3 hari indeks acuan utama Bursa Efek Indonesia (BEI) ini merah.Ada 194 saham naik, 266 saham merosot dan 174 saham stagnan, dengan nilai transaksi mencapai Rp 10,02 triliun dan volume perdagangan mencapai 17,26 miliar saham.Investor asing pasar saham masuk ke Indonesia dengan catatan beli bersih asing mencapai Rp 186,59 miliar di pasar reguler. Sementara, asing mencatatkan jual bersih di pasar negosiasi dan pasar tunai sebesar Rp 2,01 miliar.Berikut saham-saham yang diborong asing di pasar reguler.1. Antam (ANTM), net buy Rp 69 M, saham +1,32% Rp 2.3002. Timah (TINS), Rp 60,4 M, saham +3,11% Rp 1.8253. Bank KB Bukopin (BBKP), Rp 47 M, saham +1,90% Rp 5354. Telkom (TLKM), Rp 46 M, saham +0,89% Rp 3.3905. Sarana Menara (TOWR), Rp 41 M, saham -2,60% Rp 1.1256. Tower Bersama (TBIG), Rp 24 M, saham +0,48% Rp 2.1007. Kalbe Farma (KLBF), Rp 23 M, saham 0,32% Rp 1.5908. Indofood CBP (ICBP), Rp 18 M, saham +0,29% Rp 8.6259. Indosat (ISAT), Rp 17,4 M, saham -2,02% Rp 6.05010. Adaro Energy (ADRO), Rp 16,3 M, saham +0,82% Rp 1.230Belanja saham dari investor asing atas saham ANTM-TINS ini berbeda dengan perdagangan hari sebelumnya, Selasa (16/3), ketika dua saham anak usaha MIND ID alias Inalum ini ambles.Bahkan saham Timah ambles ke batas auto reject bawah (ARB) 6,84% di level Rp 1.770/saham, sementara saham ANTM juga merosot 2,99% ke Rp 2.270/saham di Selasa."
20,"Rabu, 17 Maret 2021 / 22:13 WIB",Ini alasan Aneka Tambang (ANTM) memperanjang tenor utangnya,https://investasi.kontan.co.id/news/ini-alasan-aneka-tambang-antm-memperanjang-tenor-utangnya,"KONTAN.CO.ID - JAKARTA. PT Aneka Tambang Tbk (ANTM) memperpanjang tenor fasilitas kredit dari BTPN senilai US$ 40 juta atau setara sekitar Rp 572 miliar menjadi 8 April mendatang. Utang ini seharusnya jatuh tempo Januari kemarin. Padahal, ANTM memiliki kas dan setara kas senilai Rp 3,98 triliun per akhir 2020. Jika mengukur pos keuangan ini, ANTM memiliki kemampuan untuk melunasi pinjaman yang setara sekitar Rp 572 miliar tersebut. SVP Corporate Secretary ANTM Kunto Hendrapawoko menyebut, utang yang tenornya diperpanjang itu merupakan kredit modal kerja. ""Fasilitas ini dapat diperpanjang secara otomatis sesuai kebutuhan kredit modal kerja yang tertuang dalam perjanjian kredit, sepanjang masih dibutuhkan dan dalam tenor fasilitas tersebut,"" terang Kunto kepada KONTAN, Rabu (17/3). Secara kas, memang cukup. Tapi, ANTM tetap butuh kredit modal kerja sebagai salah startegi untuk mengatur arus kas. Kredit modal kerja tetap dibutuhkan untuk mendukung operasional ANTAM terutama untuk menunjang produksi komoditas utama perusahaan, yakni nikel, bauksit, dan emas sehingga dapat berjalan dengan optimal.  ""Strategi kredit modal kerja dijalankan sebagai cash buffer untuk kelancaran operasional rutin ANTM semata,"" imbuh Kunto.    Penabung emas di Pegadaian ramai-ramai profit taking             "
21,"Rabu, 17 Maret 2021 / 20:30 WIB","Kinerja diproyeksi membaik, simak rekomendasi saham emiten tambang BUMN",https://investasi.kontan.co.id/news/kinerja-diproyeksi-membaik-simak-rekomendasi-saham-emiten-tambang-bumn,"KONTAN.CO.ID - JAKARTA. Prospek kinerja tiga emiten di bawah holding pertambangan MIND ID, yakni PT Bukit Asam Tbk (PTBA), PT Timah Tbk (TINS), dan PT Aneka Tambang Tbk (ANTM) diyakini membaik tahun ini. Analis BRI Danareksa Sekuritas Stefanus Darmagiri menyebut, harga batubara yang solid akan meningkatkan pendapatan PTBA pada tahun ini. BRI Danareksa Sekuritas memperkirakan harga jual rerata atau average selling price (ASP) batubara yang lebih baik pada kuartal pertama ini. Hal ini karena harga batubara mulai meningkat pada kuartal keempat 2020, dan PTBA mengindikasikan harga batubara tetap solid pada kuartal pertama 2021.  Membaiknya ASP pada kuartal ini diyakini akan semakin meningkatkan ASP batubara pada kuartal kedua 2021, karena batubara yang dijual ke PLN didasarkan pada harga batubara acuan (HBA) kuartal sebelumnya. Prospek PTBA juga dinilai menarik karena diversifikasi bisnisnya ke pembangkit listrik tenaga uap (PLTU) mulut tambang dan gasifikasi batubara yang akan meningkatkan produksi batubara PTBA.  “Batubara akan dipasok oleh perusahaan (PTBA) untuk kedua proyek tersebut,” tulis Stefanus dalam riset, Senin (15/3). Untuk PT Timah Tbk (TINS), Stefanus memperkirakan laba (earnings) TINS akan meningkat pada tahun 2021 dengan adanya ekspektasi penurunan utang  untuk mengurangi biaya bunga. Stefanus menyebut, net gearing TINS menurun menjadi 1,22 kali pada tahun 2020 dari 1,81 kali pada 2019.  BRI Danareksa memperkirakan net gearing TINS akan menurun menjadi 1,2 kali pada tahun ini. Selain itu, prospek TINS juga didorong oleh harga timah yang akhir-akhir ini menguat bersama dengan ekspektasi volume penjualan timah TINS mencapai 55 ribu ton untuk tahun ini. Stefanus mempertahankan rekomendasi beli saham PTBA dengan target harga Rp3.600 dan mempertahankan rekomendasi hold saham TINS dengan target harga Rp 1.600. Sementara itu, Analis NH Korindo Sekuritas Indonesia Maryoki Pajri Alhusnah menilai, secara jangka panjang, saham PTBA lebih menarik diantara ketiganya. Selain karena harganya yang masih cukup murah, naiknya harga jual rata-rata atau average selling price (ASP) batubara dibanding tahun lalu akan memicu kinerja Bukit Asam untuk meningkat. Maryoki menyematkan rekomendasi overweight saham PTBA dengan target harga Rp 3.030. Sementara dia merekomendasikan jual ANTM dengan target harga di Rp1.480 sebab harga ANTM saat ini sudah terlampau mahal. Sebagai gambaran, laba bersih ANTM melesat 492,87% menjadi Rp 1,15 triliun. Namun pendapatan ANTM turun 16,34% menjadi Rp 27,32 triliun sepanjang tahun lalu. Maryoki memang belum bisa memberi proyeksi detail terkait kinerja ANTM ke depan. Namun  menurut dia, kinerja ANTM akan cenderung membaik dari tahun lalu yang didorong pemulihan ekonomi yang sedang berjalan.    20 Saham Royal Dividen             "
22,"Rabu, 17 Maret 2021 / 20:30 WIB","Kinerja diproyeksi membaik, simak rekomendasi saham emiten tambang BUMN",https://investasi.kontan.co.id/news/kinerja-diproyeksi-membaik-simak-rekomendasi-saham-emiten-tambang-bumn,"$ANTM pada Q4 2020 membukukan Laba Bersih Rp 314 B atau naik 185.4% dibanding Q4 2019 sebesar Rp (367 B). Pada perdagangan saat ini, PE Ratio (TTM) perseroan berada di level 48.09x.

Pendapatan meningkat 14.1% menjadi Rp 9,335 B. Gross Profit Margin di kuartal ini adalah 16.8% dibandingkan dengan 8.7% di periode yang sama tahun lalu. Laba Kotor tercatat naik 120.9% menjadi Rp 1,571.33 B.

Sementara itu Beban Keuangan $ANTM tercatat sebesar Rp 169 B. Total Debt pada Q4 2020 sebesar Rp 7,763 B dibanding Rp 8,015 B di Q4 2019. Dengan demikian, Debt to Equity Ratio menjadi 0.41 dibanding 0.69 pada kuartal lalu.

Dari sisi Arus Kas, melaporkan positive Operating Cashflow sebesar Rp 1,101 B. Selain itu, emiten telah menyerap Capex pada periode ini senilai Rp (278 B) sehingga Free Cash Flow tercatat Rp 824 B.

Data tersaji dalam kuartalan, bukan year to date.

Selengkapnya Data Finansial bisa diakses"
23,"Wednesday, March 17, 2021       11:14 WIB",Daftar Harga Emas Antam Rabu 17 Maret 2021,"https://www.indopremier.com/ipotnews/newsDetail.php?jdl=Daftar_Harga_Emas_Antam_Rabu_17_Maret_2021_&news_id=381496&group_news=RESEARCHNEWS&taging_subtype=MARKETOVERVIEW&name=&search=y_general&q=hargaemas,%20&halaman=1","[<selenium.webdriver.firefox.webelement.FirefoxWebElement (session=""7ae0fad5-3df7-6f49-8747-c7d4a0613fad"", element=""cff0d167-f0bd-8c48-ba87-c5e0e8793fd0"")>]"
24,"Rabu, 17 Maret 2021 / 09:16 WIB",Harga emas Antam stagnan di level Rp 927.000 per gram pada hari ini (17/3),https://investasi.kontan.co.id/news/harga-emas-antam-stagnan-di-level-rp-927000-per-gram-pada-hari-ini-173,"KONTAN.CO.ID - JAKARTA. Harga emas batangan bersertifikat Antam keluaran Logam Mulia PT Aneka Tambang Tbk (ANTM) stagnan pada Rabu (17/3). Mengutip situs Logam Mulia, harga pecahan satu gram emas Antam berada di Rp 927.000. Harga emas Antam ini tak bergerak dari harga Selasa (16/3) yang juga berada di level Rp 927.000 per gram. Sementara harga buyback emas Antam berada di level Rp 801.000 per gram. Harga tersebut juga stagnan dibandingkan harga buyback pada Selasa (16/3) yang ada di Rp 801.000 per gram. Berikut harga emas batangan Antam dalam pecahan lainnya per Rabu (17/3) dan belum termasuk pajak:  Keterangan: Logam Mulia Antam menjual emas dan perak batangan dalam beberapa ukuran berat (misalnya 1 gram, 2 gram, dan 500 gram). Biasanya harga per gram emas Antam akan berbeda tergantung berat batangnya. Perbedaan ini terjadi karena ada biaya tambahan untuk pencetakan, sehingga harga per gram emas Antam batang kecil lebih mahal dari batang yang lebih besar. Harga yang ada di sini adalah harga per gram emas batang 1 kilogram yang biasa dijadikan patokan pelaku bisnis emas      Harga Emas melonjak naik Rp 25.000 menjadi Rp 826.000 per gram             "
25,"Rabu, 17 Maret 2021 / 09:26 WIB","IHSG dibuka melemah ke 6.300 pada pagi ini (17/3), asing koleksi TLKM, TINS dan ANTM",https://investasi.kontan.co.id/news/ihsg-dibuka-melemah-ke-6300-pada-pagi-ini-173-asing-koleksi-tlkm-tins-dan-antm,"KONTAN.CO.ID - JAKARTA. Indeks Harga Saham Gabungan (IHSG) dibuka melemah pada perdagangan hari ini. Rabu (17/3) pukul 9.07 WIB, IHSG melemah 9,09 poin atau 0,14% ke 6.300,61.  Lima indeks sektoral melemah dan menyeret pergerakan IHSG. Pelemahan dari yang terdalam secara berturut-turut adalah sektor perkebunan, keuangan, pertambangan, perdagangan dan jasa dan sektor industri dasar.  Sementara itu, lima sektor lainnya masih menguat. Penguatan dari yang terbesar secara berurut-turut adalah sektor aneka industri, infrastruktur, konstruksi, manufaktur dan barang konsumsi.  Top losers LQ45 pagi ini adalah:  Top gainers LQ45 pagi ini terdiri dari:  Investor asing mencatat beli bersih atau net buy Rp 34,72 miliar di seluruh pasar. Saham-saham dengan pembelian bersih terbesar asing adalah PT Telkom Indonesia Tbk (TLKM) Rp 14,8 miliar, PT Timmah Tbk (TINS) Rp 9,6 miliar, dan PT Aneka Tambang Tbk (ANTM) Rp 6,6 miliar.  Sedangkan saham-saham dengan penjualan bersih terbesar asing adalah PT Bank Rakyat Indonesia Tbk (BBRI) Rp 4,7 miliar, PT Vale Indonesia Tbk (INCO) Rp 3,1 miliar dan PT Bank Central Asia Tbk (BBCA) Rp 2,3 miliar      IHSG terus tertekan, simak 10 Saham LQ45 dengan gain terbesar minggu ini (2/8)             "
26,"Selasa, 16 Maret 2021 / 21:18 WIB",Aneka Tambang (ANTM) meminta perpanjangan tenor utang jatuh tempo,https://investasi.kontan.co.id/news/aneka-tambang-antm-meminta-perpanjangan-tenor-utang-jatuh-tempo,"KONTAN.CO.ID - JAKARTA. Sejumlah emiten ramai-ramai meminta perpanjangan tenor utang jatuh tempo. Salah satunya, PT Aneka Tambang Tbk (ANTM). Dalam laporan keuangan emiten pelat merah ini terungkap, ANTM memperpanjang tenor fasilitas kredit dari BTPN senilai US$ 40 juta Januari lalu. Fasilitas kredit modal kerja itu seharusnya jatuh tempo awal tahun ini. Namun, ANTM memperpanjangnya jadi 8 April mendatang. Padahal, ANTM memiliki kas dan setara kas senilai Rp 3,98 triliun per akhir 2020. Jika mengukur pos keuangan ini, ANTM memiliki kemampuan untuk melunasi pinjaman yang setara sekitar Rp 572 miliar tersebut. Kontan.co.id sempat meminta konfirmasi terkait perpanjangan tenor tersebut. Namun, manajemen ANTM belum memberikan tanggapan. Harga Emas melonjak naik Rp 25.000 menjadi Rp 826.000 per gram             "
27,16 March 2021 14:32,"Saham INCO-ANTM Cs Babak Belur, Masih Menarik Gak sih?",https://www.cnbcindonesia.com/market/20210316135148-17-230503/saham-inco-antm-cs-babak-belur-masih-menarik-gak-sih,"Jakarta, CNBC Indonesia - Saham-saham emiten nikel kompak ambruk pada penutupan sesi I perdagangan hari ini, Selasa (16/3/2021). Selain itu, saham-saham tersebut mencatatkan kinerja negatif selama sebulan terakhir.Berikut tabel kinerja saham nikel selama sebulan.Menurut data Bursa Efek Indonesia (BEI), saham emiten pelat merah TINS mengalami koreksi tertinggi pada sesi I hari ini dibandingkan saham lainnya, yakni 5,79% ke posisi Rp 1.790/saham.Asing tercatat ramai-ramai 'kabur' dari TINS sebesar Rp 6,72 miliar.Kemudian, saham pelat merah lainnya ANTM berada di posisi kedua setelah merosot 2,99% ke Rp 2.270/saham. Sama dengan TINS, asing juga melego saham produsen nikel dan emas ini sebesar Rp 16,48 miliar.Apabila menelisik secara sebulan, saham INCO mencatatkan anjlok terparah, yakni 27,30%. Di tempat kedua ada saham milik pengusaha Kiki Barki yang ambles 26,33%.Sebenarnya, prospek emiten nikel di Tanah Air cukup cerah sehingga masih ada kans bagi saham-saham sektor ini cuan lagi.Hal ini karena Indonesia saat ini menjadi salah satu tujuan investasi yang menarik bagi pabrikan otomotif dunia untuk memproduksi unit mobil listrik berkat potensi sumber daya alam dan sumber daya manusia yang cukup melimpah.Informasi saja, bijih nikel merupakan bahan baku dari komponen baterai kendaraan listrik.Baru-baru ini Menteri Perindustrian (Menperin) Agus Gumiwang Kartasasmita mengatakan raksasa otomotif asal Jepang, Honda, akan menambah investasi di Indonesia sebesar Rp 5,2 triliun. Tak hanya itu, kabar baiknya Honda juga akan memindahkan (merelokasi) pabriknya dari India ke Indonesia.""Ada pabrik Honda yang akan direlokasi], nanti fasilitas produksi yang ada di India akan dipindahkan ke Indonesia,"" kata Agus dalam konferensi pers virtual, Kamis (11/3/2021), dilansir Detiknews.Sebelumnya, tak hanya Honda saja yang sangat tertarik untuk membuat mobil listrik di Indonesia.Ada beberapa pabrikan besar dunia yang menyatakan ketertarikan bahkan kesiapannya dalam membuat fasilitas produksi baru di negara ini, seperti Mitsubishi, Toyota, Mazda dan Hyundai.1. MitsubishiKetertarikan pabrikan asal Jepang itu dalam membangun fasilitas produksi mobil listriknya di Indonesia dikabarkan oleh Menteri Perindustrian Agus Gumiwang. Bahkan pabrikan itu dikabarkan telah menyiapkan dana yang cukup besar dalam investasi terbarunya di Indonesia itu.""Mitsubishi memberikan komitmen pada kita bahwa akhir 2025 mereka akan menambah investasi Rp 11,2 triliun. Dimana akan terjadi peningkatan kapasitas yang tadinya 220 ribu unit ada peningkatan kapasitas jadi 250 ribu,"" kata Agus dalam konferensi pers virtual, Rabu (10/3/2021).Peningkatan kapasitas itu karena principal Mitsubishi di Jepang juga menyetujui bahwa ada penambahan negara tujuan ekspor mobil asal Indonesia. Saat ini, pabrikan Mitsubishi Indonesia telah melakukan ekspor ke 30 negara, bakal bertambah 9 negara sehingga menjadi 39 negara.2. ToyotaPabrikan Jepang selanjutnya yang tertarik membangun fasilitas mobiil listrik di Indonesia adalah Toyota. Pabrikan otomotif terbesar di dunia itu menyatakan siap untuk memasukkan dana Rp 22 triliun untuk pengembangan produksi ke depan.""Mengenai investasi kita harapkan sebesar-besarnya, kemarin pertemuan kami dengan Toyota, berkali-kali ketemu Toyota sebelumnya dan besok akan ketemu kembali. Mereka sudah memberi komitmen untuk berinvestasi Rp 22 triliun sampai 2025, jadi kita akan coba sebanyak-banyaknya menarik investasi untuk memperkuat ekonomi kita,"" sebut Menteri Perindustrian Agus Gumiwang dalam konferensi pers virtual, Rabu (10/3/2021).3. MazdaMazda juga sempat menjadi target rayuan Indonesia dalam berinvestasi, mengingat produsen asal Hiroshima, Jepang ini tidak memiliki fasilitas produksi di Indonesia.""Pada pertemuan dengan Mazda memang Mazda selama ini memang belum mempunyai pabrik di Indonesia, dan memang upaya kami untuk mendorong agar mereka sesegera mungkin bisa melakukan investasi ke Indonesia,"" kata Agus dalam konferensi pers virtual, Kamis (11/3/2021) dikutip dari detikcom.4. HyundaiPabrikan kendaraan asal Korea Selatan ini bahkan telah membangun fasilitas produksi seluas 77,6 hektare di Bekasi, Jawa Barat. Pihak produsen otomotif itu memilih Jawa Barat karena mengaku mendapatkan dukungan kuat Gubernur Ridwan Kamil.""Hyundai Motors memutuskan membangun pabrik mobil listrik. Ini sebenarnya bisa jadi kerja sama swasta dan pemerintah untuk memperkenalkan mobil listrik kepada masyarakat,"" kata Lee Kang-Hyung, Vice President/Coo Hyundai Motor Asia Pacific Head Quarter di sela acara West Java Investment Summit Senin (16/11/2020).Ia mengatakan, pabrik yang mulai dibangun tepatnya di Delta Mas Cikarang ini sudah 65%. Sesuai rencana, sambung Lee dan pada akhir tahun 2022 pabrik itu mulai bisa memproduksi lokal mobil Hyundai di Indonesia.""Di 2022 akan produksi mobil listrik di Indonesia dan jual lokal,"" terangnya.TIM RISET CNBC INDONESIA"
28,16 March 2021 11:19,"Pak Erick Lapor, Harga 4 Saham Anak Usaha Inalum Babak Belur",https://www.cnbcindonesia.com/market/20210316111322-17-230443/pak-erick-lapor-harga-4-saham-anak-usaha-inalum-babak-belur,"Jakarta, CNBC Indonesia - Saham-saham anggota holding industri pertambangan (HIP) serempak berguguran pada perdagangan sesi I pagi ini, Selasa (16/3/2021). Saham-saham tersebut yakni, PT Timah Tbk (TINS), PT Aneka Tambang Tbk (ANTM) PT Bukit Asam Tbk (PTBA), dan PT Vale Indonesia Tbk (INCO).Berikut gerak saham empat anggota holding tambang hari ini, pukul 11.03 WIB.TINS, saham -5,00%, ke Rp 1.805, jual asing (net sell) Rp 11,90 MINCO, -2,34% ke Rp 4.600, net sell Rp 53,97 MANTM, -2,14%, ke Rp 2.290, net sell Rp 19,19 MPTBA, -0,36%, ke Rp 2.730, net buy Rp 863,00 jutaDuo saham emiten pelat merah TINS dan ANTM mengalami penurunan harga saham tertinggi.Saham TINS ambles 4,21% ke Rp 1.820/saham. Anjloknya saham ini berbarengan dengan aksi jual oleh asing sebesar Rp 11,90 miliar.Dengan pelemahan ini, TINS melanjutkan pelemahan sejak penutupan kemarin (15/3). Kemarin, TINS menjadi top losers setelah ditutup menyentuh auto rejection bawah (ARB) ke Rp 1.900/saham.Anjloknya harga saham TINS terjadi setelah emiten penambang timah ini melaporkan masih membukukan kerugian senilai Rp 340,59 miliar sepanjang tahun lalu.Namun kerugian ini sudah berkurang 44% dibanding dengan kerugian perusahaan di akhir Desember 2019 yang mencapai Rp 611,28 miliar.Sepanjang 2020 di masa pandemi Covid-19, pendapatan perusahaan terkontraksi 21,33% secara tahunan (year on year/YoY).Tercatat di akhir Desember 2020 lalu pendapatan perusahaan sebesar Rp 15,21 triliun, berkurang dari Rp 19,34 triliun di akhir periode yang sama tahun sebelumnya.Kemudian, saham ANTM menyusut 1,28% ke Rp 2.310/saham. Asing tercatat ramai-ramai melego saham ini sebesar Rp 12,70 miliar.Sama seperti TINS, pada Senin (15/3), ANTM juga menghuni top losers setelah anjlok 3,31% ke Rp 2.340/saham. Kemarin, nilai transaksi emiten ini sebesar Rp 871,1 miliar.Antam baru saja melaporkan kinerja laporan keuangan (lapkeu) yang positif di tahun lalu. Pasalnya, laba bersih perusahaan selama 2020 meroket hingga 492,90% secara tahunan (year on year (YoY).Berdasarkan laporan keuangan perusahaan yang dipublikasikan, tercatat laba bersih ANTM tahun lalu mencapai Rp 1,14 triliun. Dibanding dengan laba bersih di periode yang sama tahun sebelumnya yang senilai Rp 193,85 miliar.Kemudian, saham VALE ambles 2,34% ke posisi Rp 4.600 pada sesi I ini. Pelemahan ini dibayangi aksi asing yang tercatat melakukan net sell sebesar Rp 53,97 M.Sementara di posisi keempat, saham emiten batu bara pelat merah PTBA turun tipis 0,36% ke Rp 2.730/saham. Aksi beli bersih asing senilai Rp 825,01 juta tampaknya tidak mampu mendongkrak saham PTBA sepanjang sesi I ini.Sebagai informasi, TINS, ANTM, PTBA bersama PT Freeport Indonesia, PT Inalum (Persero) merupakan anggota Holding Industri Pertambangan tanah air yang bernama Mining Industry Indonesia (MIND ID).Pada tanggal 27 November 2017, PT Indonesia Asahan Aluminium (Persero), atau INALUM, resmi menjadi Holding BUMN Industri Pertambangan dengan menguasai saham milik pemerintah Indonesia di keempat saham di atas.Kemudian, pada 17 Agustus 2019, INALUM sebagai HIP sebagai Holding menghadirkan identitas baru dengan nama, yakni MIND ID.Identitas baru MIND ID sekaligus memperjelas fungsi INALUM sebagai Holding Industri Pertambangan dan INALUM sebagai pelaksana operasional peleburan aluminium.Adapun INCO telah menyelesaikan kewajiban divestasi 20% sahamnya ke Holding BUMN Pertambangan, MIND ID atau PT Indonesia Asahan Aluminium (Inalum) dengan melakukan pengalihan saham Oktober tahun lalu.Dua pemegang saham INCO, yakni Vale Canada Limited (VCL) dan Sumitomo Metal Mining Co., Ltd. (SMM) telah melepas sahamnya masing-masing sebesar 14,9% dan 5,1% degan harga Rp 2.780/saham atau total Rp 5,52 triliun kepada MIND ID.Setelah transaksi tersebut, kepemilikan saham Vale Indonesia menjadi Vale Group 44,34%, MIND ID 20,00%, SMM 15,03%, Sumitomo Corporation 0,14%, dan publik 20,49%."
29,"Tuesday, March 16, 2021       11:12 WIB",Financial Statements Full Year 2020 of ANTM,https://www.indopremier.com/ipotnews/newsDetail.php?jdl=Financial_Statements_Full_Year_2020_of_ANTM&news_id=381455&group_news=RESEARCHNEWS&taging_subtype=ANTM&name=&search=y_general&q=FinancialStatements&halaman=1,"[<selenium.webdriver.firefox.webelement.FirefoxWebElement (session=""7ae0fad5-3df7-6f49-8747-c7d4a0613fad"", element=""feff1c7c-16dd-d24c-a64a-96a62a0eee14"")>]"
30,"Tuesday, March 16, 2021       12:34 WIB","Meski Pendapatan Turun Jadi Rp27,37 Triliun, Laba Bersih ANTM Naik 493%",https://www.indopremier.com/ipotnews/newsDetail.php?jdl=Meski_Pendapatan_Turun_Jadi_Rp27_37_Triliun__Laba_Bersih_ANTM_Naik_493_&news_id=131183&group_news=IPOTNEWS&taging_subtype=STOCK&name=&search=y_general&q=ANTM&halaman=1,"[<selenium.webdriver.firefox.webelement.FirefoxWebElement (session=""7ae0fad5-3df7-6f49-8747-c7d4a0613fad"", element=""8fa6d7c5-a241-8049-81fe-798fe0f5b422"")>]"
31,16 March 2021 09:55,"Duh! Saham Nikel Hancur Lebur, Trio TINS-ANTM-INCO Terburuk",https://www.cnbcindonesia.com/market/20210316094537-17-230423/duh-saham-nikel-hancur-lebur-trio-tins-antm-inco-terburuk,"Jakarta, CNBC Indonesia - Empat saham emiten nikel kompak ambruk pada awal perdagangan hari ini, Selasa (16/3/2021). Merosotnya saham nikel tersebut diwarnai aksi jual asing (net sell) pagi ini.Berikut gerak saham nikel pada pagi ini, pukul 09.34 WIB.Timah (TINS), saham -1,84%, ke Rp 1.865, net sell asing Rp 6,83 MAneka Tambang (ANTM), -1,71%, ke Rp 2.300, net sell asing Rp 4,72 MVale Indonesia (INCO), -1,70%, ke Rp 4.630, net sell asing Rp 24,73 MHarum Energy (HRUM), -0,96%, ke Rp 5.150, net sell asing Rp 716,63 jutaDuo saham nikel pelat merah, TINS dan ANTM menjadi yang paling ambles di antara saham nikel lainnya.Saham TINS jatuh 1,84% ke Rp 1.865/saham. Penurunan ini diikuti oleh aksi asing yang ramai-ramai menjual saham ini sebesar Rp 6,83 miliar.Dengan pelemahan ini, TINS melanjutkan pelemahan sejak penutupan kemarin (15/3). Kemarin, TINS menjadi top losers setelah ditutup menyentuh auto rejection bawah (ARB) ke Rp 1.900/saham.Anjloknya harga saham TINS terjadi setelah emiten penambang timah ini melaporkan masih membukukan kerugian senilai Rp 340,59 miliar sepanjang tahun lalu.Namun kerugian ini sudah berkurang 44% dibanding dengan kerugian perusahaan di akhir Desember 2019 yang mencapai Rp 611,28 miliar.Sepanjang 2020 di masa pandemi Covid-19, pendapatan perusahaan terkontraksi 21,33% secara tahunan (year on year/YoY).Tercatat di akhir Desember 2020 lalu pendapatan perusahaan sebesar Rp 15,21 triliun, berkurang dari Rp 19,34 triliun di akhir periode yang sama tahun sebelumnya.Kemudian, saham ANTM juga kembali ambles ke 1,71% ke Rp 2.300/saham. Asing ramai-ramai melego saham ANTM senilai Rp 4,72 miliar.Sama seperti TINS, pada Senin (15/3), ANTM juga menghuni top losers setelah anjlok 3,31% ke Rp 2.340/saham. Kemarin, nilai transaksi emiten ini sebesar Rp 871,1 miliar.Antam baru saja melaporkan kinerja laporan keuangan (lapkeu) yang positif di tahun lalu. Pasalnya, laba bersih perusahaan selama 2020 meroket hingga 492,90% secara tahunan (year on year (YoY).Berdasarkan laporan keuangan perusahaan yang dipublikasikan, tercatat laba bersih ANTM tahun lalu mencapai Rp 1,14 triliun. Dibanding dengan laba bersih di periode yang sama tahun sebelumnya yang senilai Rp 193,85 miliar.Padahal kinerja pendapatan mengalami penurunan 16,33% YoY menjadi senilai Rp 27,37 triliun dari posisi 31 Desember 2019 yang senilai Rp 32,71 triliun.Kendati pendapatan turun, namun perusahaan berhasil menurunkan angka beban pokok penjualan menjadi Rp 22,89 triliun dari sebelumnya sebesar Rp 28,27 triliun.Dalam keterangan resminya, ANTM menargetkan produksi emas sepanjang 2021 sebanyak 1,37 ton emas dari tambang Pongkor (Bogor, Jawa Barat) dan Cibaliung (Banten) dan target penjualan sebanyak 18 ton emas.Sebagai perbandingan, tahun lalu secara akumulatif, capaian kinerja unaudited produksi dan penjualan emas Antam sepanjang 2020 masing-masing sebesar 1.672 kg atau 1,67 ton (53.756 t oz) dan 21.797 kg atau 21,79 ton (700.789 t oz).Artinya target tahun ini target produksi turun 17,9% dan target penjualan turun 17,39% "
32,"Selasa, 16 Maret 2021 / 09:16 WIB",Harga emas Antam naik Rp 3.000 menjadi Rp 927.000 per gram pada hari ini (16/3),https://investasi.kontan.co.id/news/harga-emas-antam-naik-rp-3000-menjadi-rp-927000-per-gram-pada-hari-ini-163,"KONTAN.CO.ID - JAKARTA. Harga emas batangan bersertifikat Antam keluaran Logam Mulia PT Aneka Tambang Tbk (ANTM) naik pada Selasa (16/3). Mengutip situs Logam Mulia, harga pecahan satu gram emas Antam berada di Rp 927.000. Harga emas Antam ini naik Rp 3.000 dari harga Senin (15/3) yang berada di level Rp 924.000 per gram. Sementara harga buyback emas Antam berada di level Rp 801.000 per gram. Harga tersebut naik Rp 5.000 dibandingkan harga buyback pada Senin (15/3) yang ada di Rp 796.000 per gram. Berikut harga emas batangan Antam dalam pecahan lainnya per Selasa (16/3) dan belum termasuk pajak:  Keterangan: Logam Mulia Antam menjual emas dan perak batangan dalam beberapa ukuran berat (misalnya 1 gram, 2 gram, dan 500 gram). Biasanya harga per gram emas Antam akan berbeda tergantung berat batangnya. Perbedaan ini terjadi karena ada biaya tambahan untuk pencetakan, sehingga harga per gram emas Antam batang kecil lebih mahal dari batang yang lebih besar. Harga yang ada di sini adalah harga per gram emas batang 1 kilogram yang biasa dijadikan patokan pelaku bisnis emas      Harga Emas melonjak naik Rp 25.000 menjadi Rp 826.000 per gram             "
33,"Selasa, 16 Maret 2021 / 09:32 WIB","Hore! Selisih harga emas Antam dan buyback hari ini Rp 126.000, 16 Maret 2021",https://investasi.kontan.co.id/news/hore-selisih-harga-emas-antam-dan-buyback-hari-ini-rp-126000-16-maret-2021,"KONTAN.CO.ID - JAKARTA. Selasa (16/3) harga emas batangan bersertifikat di Logam Mulia milik PT Aneka Tambang (ANTM) naik Rp 3.000 per gram, dari sebelumnya Rp 924.000 per gram menjadi Rp 927.000 per gram. Di lain sisi, harga buyback oleh Logam Mulia naik Rp 5.000 per gram, dari sebelumnya Rp 796.000 per gram menjadi Rp 801.000 per gram. Dengan demikian, selisih antara harga emas dan harga buyback hari ini adalah Rp 126.000 per gram. Selama ini Antam menetapkan dua macam harga emas batangan produksinya: harga emas dan harga beli kembali (buyback).  Sumber: Logam Mulia  Jadi, jika pagi ini membeli emas dari Antam maka Anda harus membayar Rp 927.000 per gram. Kalau karena suatu sebab tiba-tiba Anda butuh uang sangat mendesak sehingga terpaksa menjual kembali emas tersebut pada siang atau sore hari, jangan kaget emas Anda cuma dihargai Rp 801.000 per gram oleh Logam Mulia. Siapa saja perlu mencermati dua macam harga emas tersebut kalau benar-benar serius hendak menjadi investor emas batangan. Tanpa memperhitungkan perbedaan dua harga tersebut, bisa-bisa seorang investor emas salah menghitung potensi untung dan rugi. Dengan selisih harga jual dan harga beli (spread) setebal itu, emas hanya cocok untuk investasi dalam jangka panjang. Secara jangka panjang kita berharap harga emas naik jauh lebih tinggi sehingga mampu menutup selisih harga jual dan harga buyback, sekaligus memberikan laba.     Harga Emas melonjak naik Rp 25.000 menjadi Rp 826.000 per gram             "
